{
	"format_version": "1.8.0",
	"animations": {
		"animation.deco.loop": {
			"loop": true,
			"animation_length": 16,
			"bones": {
				"deco": {
					"rotation": {
						"vector": [0, "query.anim_time * 90", 0]
					},
					"position": {
						"0.0": {
							"vector": [0, "math.sin(query.anim_time * 90) * 3", 0]
						},
						"0.0417": {
							"vector": [0, 0.03609, 0]
						},
						"0.5833": {
							"vector": [0, 0.69341, 0]
						},
						"1.125": {
							"vector": [0, 1.38009, 0]
						},
						"1.6667": {
							"vector": [0, 2.07275, 0]
						},
						"2.2083": {
							"vector": [0, 2.76707, 0]
						},
						"2.75": {
							"vector": [0, 3.46038, 0]
						},
						"3.2917": {
							"vector": [0, 4.14908, 0]
						},
						"3.8333": {
							"vector": [0, 4.82085, 0]
						},
						"4.0": {
							"vector": [0, "math.sin(query.anim_time * 90) * 3 + 5", 0]
						},
						"4.0417": {
							"vector": [0, 4.96391, 0]
						},
						"4.5833": {
							"vector": [0, 4.30659, 0]
						},
						"5.125": {
							"vector": [0, 3.61991, 0]
						},
						"5.6667": {
							"vector": [0, 2.92725, 0]
						},
						"6.2083": {
							"vector": [0, 2.23293, 0]
						},
						"6.75": {
							"vector": [0, 1.53962, 0]
						},
						"7.2917": {
							"vector": [0, 0.85092, 0]
						},
						"7.8333": {
							"vector": [0, 0.17915, 0]
						},
						"8.0": {
							"vector": [0, "math.sin(query.anim_time * 90) * 3", 0]
						},
						"8.0417": {
							"vector": [0, -0.02165, 0]
						},
						"8.5833": {
							"vector": [0, -0.41605, 0]
						},
						"9.125": {
							"vector": [0, -0.82805, 0]
						},
						"9.6667": {
							"vector": [0, -1.24365, 0]
						},
						"10.2083": {
							"vector": [0, -1.66024, 0]
						},
						"10.75": {
							"vector": [0, -2.07623, 0]
						},
						"11.2917": {
							"vector": [0, -2.48945, 0]
						},
						"11.8333": {
							"vector": [0, -2.89251, 0]
						},
						"12.0": {
							"vector": [0, "math.sin(query.anim_time * 90) * 3 - 3", 0]
						},
						"12.0417": {
							"vector": [0, -2.97835, 0]
						},
						"12.5833": {
							"vector": [0, -2.58395, 0]
						},
						"13.125": {
							"vector": [0, -2.17195, 0]
						},
						"13.6667": {
							"vector": [0, -1.75635, 0]
						},
						"14.2083": {
							"vector": [0, -1.33976, 0]
						},
						"14.75": {
							"vector": [0, -0.92377, 0]
						},
						"15.2917": {
							"vector": [0, -0.51055, 0]
						},
						"15.8333": {
							"vector": [0, -0.10749, 0]
						},
						"16.0": {
							"vector": [0, "math.sin(query.anim_time * 90) * 3", 0]
						}
					}
				},
				"model": {
					"rotation": {
						"vector": [0, 0, "-query.anim_time * 45"]
					},
					"position": {
						"vector": ["math.sin(query.anim_time * 90)", "math.cos(query.anim_time * 90)", 0]
					}
				}
			}
		}
	},
	"geckolib_format_version": 2
}