{
	"format_version": "1.8.0",
	"animations": {
		"animation.deco.loop": {
			"loop": true,
			"animation_length": 16,
			"bones": {
				"deco": {
					"rotation": {
						"vector": [0, "query.anim_time * 90", 0]
					},
					"position": {
						"0.0": {
							"vector": [0, "math.sin(query.anim_time * 90) * 3", 0]
						},
						"0.0417": {
							"vector": [0, -2.95391, 0]
						},
						"0.5833": {
							"vector": [0, -2.29659, 0]
						},
						"1.125": {
							"vector": [0, -1.60991, 0]
						},
						"1.6667": {
							"vector": [0, -0.91725, 0]
						},
						"2.2083": {
							"vector": [0, -0.22293, 0]
						},
						"2.75": {
							"vector": [0, 0.47039, 0]
						},
						"3.2917": {
							"vector": [0, 1.15909, 0]
						},
						"3.8333": {
							"vector": [0, 1.83085, 0]
						},
						"4.0": {
							"vector": [0, "math.sin(query.anim_time * 90) * 3 + 5", 0]
						},
						"4.0417": {
							"vector": [0, 1.97392, 0]
						},
						"4.5833": {
							"vector": [0, 1.31659, 0]
						},
						"5.125": {
							"vector": [0, 0.62992, 0]
						},
						"5.6667": {
							"vector": [0, -0.06274, 0]
						},
						"6.2083": {
							"vector": [0, -0.75707, 0]
						},
						"6.75": {
							"vector": [0, -1.45038, 0]
						},
						"7.2917": {
							"vector": [0, -2.13908, 0]
						},
						"7.8333": {
							"vector": [0, -2.81085, 0]
						},
						"8.0": {
							"vector": [0, "math.sin(query.anim_time * 90) * 3", 0]
						},
						"8.0417": {
							"vector": [0, -3.01165, 0]
						},
						"8.5833": {
							"vector": [0, -3.40604, 0]
						},
						"9.125": {
							"vector": [0, -3.81805, 0]
						},
						"9.6667": {
							"vector": [0, -4.23365, 0]
						},
						"10.2083": {
							"vector": [0, -4.65024, 0]
						},
						"10.75": {
							"vector": [0, -5.06623, 0]
						},
						"11.2917": {
							"vector": [0, -5.47945, 0]
						},
						"11.8333": {
							"vector": [0, -5.88251, 0]
						},
						"12.0": {
							"vector": [0, "math.sin(query.anim_time * 90) * 3 - 3", 0]
						},
						"12.0417": {
							"vector": [0, -5.96835, 0]
						},
						"12.5833": {
							"vector": [0, -5.57395, 0]
						},
						"13.125": {
							"vector": [0, -5.16195, 0]
						},
						"13.6667": {
							"vector": [0, -4.74635, 0]
						},
						"14.2083": {
							"vector": [0, -4.32976, 0]
						},
						"14.75": {
							"vector": [0, -3.91377, 0]
						},
						"15.2917": {
							"vector": [0, -3.50055, 0]
						},
						"15.8333": {
							"vector": [0, -3.09749, 0]
						},
						"16.0": {
							"vector": [0, "math.sin(query.anim_time * 90) * 3", 0]
						}
					}
				},
				"model": {
					"rotation": {
						"vector": [0, "-query.anim_time * 90", 0]
					},
					"scale": {
						"vector": [
							"((math.sin(query.anim_time * 45) + 1) / 4) + 0.75",
							"((math.sin(query.anim_time * 45) + 1) / 4) + 0.75",
							"((math.sin(query.anim_time * 45) + 1) / 4) + 0.75"
						]
					}
				},
				"bone": {
					"rotation": {
						"vector": ["query.anim_time * 270 * 2", 0, 0]
					}
				},
				"bone2": {
					"rotation": {
						"vector": [0, 0, "query.anim_time * 270 * 2"]
					}
				},
				"bone3": {
					"rotation": {
						"vector": [0, "query.anim_time * 270 * 2", 0]
					}
				}
			}
		}
	},
	"geckolib_format_version": 2
}