{
	"format_version": "1.8.0",
	"animations": {
		"animation.deco.loop": {
			"loop": true,
			"animation_length": 16,
			"bones": {
				"deco": {
					"rotation": {
						"vector": [0, "query.anim_time * 90", 0]
					},
					"position": {
						"0.0": {
							"vector": [0, "math.sin(query.anim_time * 90) * 3", 0]
						},
						"0.0417": [0, 1.43696, 0],
						"0.5833": [0, 2.09428, 0],
						"1.125": [0, 2.78096, 0],
						"1.6667": [0, 3.47362, 0],
						"2.2083": [0, 4.16794, 0],
						"2.75": [0, 4.86126, 0],
						"3.2917": [0, 5.54996, 0],
						"3.8333": [0, 6.22173, 0],
						"4.0": {
							"vector": [0, "math.sin(query.anim_time * 90) * 3 + 5", 0]
						},
						"4.0417": [0, 6.36479, 0],
						"4.5833": [0, 5.70746, 0],
						"5.125": [0, 5.02079, 0],
						"5.6667": [0, 4.32813, 0],
						"6.2083": [0, 3.6338, 0],
						"6.75": [0, 2.94049, 0],
						"7.2917": [0, 2.25179, 0],
						"7.8333": [0, 1.58002, 0],
						"8.0": {
							"vector": [0, "math.sin(query.anim_time * 90) * 3", 0]
						},
						"8.0417": [0, 1.37922, 0],
						"8.5833": [0, 0.98483, 0],
						"9.125": [0, 0.57282, 0],
						"9.6667": [0, 0.15723, 0],
						"10.2083": [0, -0.25937, 0],
						"10.75": [0, -0.67536, 0],
						"11.2917": [0, -1.08858, 0],
						"11.8333": [0, -1.49164, 0],
						"12.0": {
							"vector": [0, "math.sin(query.anim_time * 90) * 3 - 3", 0]
						},
						"12.0417": [0, -1.57748, 0],
						"12.5833": [0, -1.18308, 0],
						"13.125": [0, -0.77107, 0],
						"13.6667": [0, -0.35548, 0],
						"14.2083": [0, 0.06112, 0],
						"14.75": [0, 0.4771, 0],
						"15.2917": [0, 0.89032, 0],
						"15.8333": [0, 1.29338, 0],
						"16.0": {
							"vector": [0, "math.sin(query.anim_time * 90) * 3", 0]
						}
					}
				},
				"model": {
					"rotation": {
						"0.0": {
							"vector": [0, "-query.anim_time * 135", "math.sin(query.anim_time * 45) * 15"]
						},
						"8.4583": {
							"vector": [0, "-query.anim_time * 135", "math.sin(query.anim_time * 45) * 15"]
						}
					}
				}
			}
		}
	},
	"geckolib_format_version": 2
}