{
	"format_version": "1.8.0",
	"animations": {
		"animation.deco.loop": {
			"loop": true,
			"animation_length": 16,
			"bones": {
				"deco": {
					"rotation": {
						"vector": [0, "query.anim_time * 90", 0]
					},
					"position": {
						"0.0": {
							"vector": [0, "math.sin(query.anim_time * 90) * 3", 0]
						},
						"0.0417": [0, -2.78464, 0],
						"0.5833": [0, -2.12731, 0],
						"1.125": [0, -1.44064, 0],
						"1.6667": [0, -0.74798, 0],
						"2.2083": [0, -0.05365, 0],
						"2.75": [0, 0.63966, 0],
						"3.2917": [0, 1.32836, 0],
						"3.8333": [0, 2.00013, 0],
						"4.0": {
							"vector": [0, "math.sin(query.anim_time * 90) * 3 + 5", 0]
						},
						"4.0417": [0, 2.14319, 0],
						"4.5833": [0, 1.48587, 0],
						"5.125": [0, 0.79919, 0],
						"5.6667": [0, 0.10653, 0],
						"6.2083": [0, -0.58779, 0],
						"6.75": [0, -1.28111, 0],
						"7.2917": [0, -1.9698, 0],
						"7.8333": [0, -2.64157, 0],
						"8.0": {
							"vector": [0, "math.sin(query.anim_time * 90) * 3", 0]
						},
						"8.0417": [0, -2.84237, 0],
						"8.5833": [0, -3.23677, 0],
						"9.125": [0, -3.64877, 0],
						"9.6667": [0, -4.06437, 0],
						"10.2083": [0, -4.48096, 0],
						"10.75": [0, -4.89695, 0],
						"11.2917": [0, -5.31017, 0],
						"11.8333": [0, -5.71323, 0],
						"12.0": {
							"vector": [0, "math.sin(query.anim_time * 90) * 3 - 3", 0]
						},
						"12.0417": [0, -5.79907, 0],
						"12.5833": [0, -5.40468, 0],
						"13.125": [0, -4.99267, 0],
						"13.6667": [0, -4.57707, 0],
						"14.2083": [0, -4.16048, 0],
						"14.75": [0, -3.74449, 0],
						"15.2917": [0, -3.33127, 0],
						"15.8333": [0, -2.92821, 0],
						"16.0": {
							"vector": [0, "math.sin(query.anim_time * 90) * 3", 0]
						}
					}
				},
				"model": {
					"rotation": {
						"vector": [0, "-query.anim_time * 90", 0]
					},
					"scale": {
						"vector": [
							"((math.sin(query.anim_time * 45) + 1) / 4) + 0.75",
							"((math.sin(query.anim_time * 45) + 1) / 4) + 0.75",
							"((math.sin(query.anim_time * 45) + 1) / 4) + 0.75"
						]
					}
				},
				"bone": {
					"rotation": {
						"vector": ["query.anim_time * 270 * 2", 0, 0]
					}
				},
				"bone2": {
					"rotation": {
						"vector": [0, 0, "query.anim_time * 270 * 2"]
					}
				},
				"bone3": {
					"rotation": {
						"vector": [0, "query.anim_time * 270 * 2", 0]
					}
				}
			}
		}
	},
	"geckolib_format_version": 2
}